<application>
  <component name="GroupManager">
    <expandedByName>
      <entry name="Tutorials" expanded="true" />
      <entry name="Projects" expanded="true" />
    </expandedByName>
  </component>
  <component name="LangManager">
    <option name="languageName" value="go" />
    <option name="languageToProjectMap">
      <map>
        <entry key="go" value="$USER_HOME$/Documents/GitHub/LearnGoProject" />
      </map>
    </option>
  </component>
  <component name="LessonStateBase">
    <option name="map">
      <map>
        <entry key="actions" value="PASSED" />
        <entry key="basic completion" value="PASSED" />
        <entry key="code completion for functions" value="NOT_PASSED" />
        <entry key="code_completion_for_benchmarks_bn" value="NOT_PASSED" />
        <entry key="code_completion_for_time_package" value="NOT_PASSED" />
        <entry key="completion with tab" value="NOT_PASSED" />
        <entry key="debug function calls" value="NOT_PASSED" />
        <entry key="dump_goroutines" value="NOT_PASSED" />
        <entry key="editorbasics.commentline" value="PASSED" />
        <entry key="fixing a test file" value="NOT_PASSED" />
        <entry key="generate missing methods" value="NOT_PASSED" />
        <entry key="goland2019.2.extractmethodrefactoringwithreturns" value="NOT_PASSED" />
        <entry key="goland2019.2.fillstructfields" value="NOT_PASSED" />
        <entry key="goland2019.2.redundanttypeconversions" value="NOT_PASSED" />
        <entry key="goland2019.3.createfunctionfromfunctiontype" value="NOT_PASSED" />
        <entry key="goland2019.3.deleteparameternames" value="NOT_PASSED" />
        <entry key="goland2019.3.deleteunusedparameters" value="NOT_PASSED" />
        <entry key="goland2019.3.extractvariablewitherror" value="NOT_PASSED" />
        <entry key="goland2019.3.forrlivetemplate" value="NOT_PASSED" />
        <entry key="goland2019.3.reusesignaturetypes" value="NOT_PASSED" />
        <entry key="gophercon.codeformatting" value="NOT_PASSED" />
        <entry key="gophercon.extractfunction/method" value="NOT_PASSED" />
        <entry key="gophercon.extractvariable" value="NOT_PASSED" />
        <entry key="gophercon.gofmt" value="PASSED" />
        <entry key="gophercon.implementmissingmethods" value="NOT_PASSED" />
        <entry key="gophercon.inline" value="NOT_PASSED" />
        <entry key="gophercon.rename" value="NOT_PASSED" />
        <entry key="handling errors with live and postfix templates: if and rr" value="NOT_PASSED" />
        <entry key="live and postfix templates: else, fori, and vars" value="NOT_PASSED" />
        <entry key="navigation from comments" value="PASSED" />
        <entry key="postfix completion with sort" value="NOT_PASSED" />
        <entry key="postfix templates (nn, panic, rr, and return)" value="NOT_PASSED" />
        <entry key="quick-fixes, refactorings, and external documentation" value="NOT_PASSED" />
        <entry key="select" value="PASSED" />
        <entry key="smart type completion" value="NOT_PASSED" />
        <entry key="smart type completion and pointers" value="NOT_PASSED" />
        <entry key="smart type completion for type assertions and switch constructions" value="NOT_PASSED" />
        <entry key="struct inspections" value="PASSED" />
        <entry key="support_for_table_tests" value="PASSED" />
        <entry key="unsafe_context_cancellation" value="NOT_PASSED" />
        <entry key="using live templates with types" value="NOT_PASSED" />
        <entry key="working with variadic functions" value="NOT_PASSED" />
        <entry key="wrapping long lines" value="NOT_PASSED" />
      </map>
    </option>
  </component>
</application>